{
    "bruteforce": {
        "pattern": "Failed password for .* from .* port \\d+",
        "description": "Brute force login attempt",
        "severity": "high"
    },
    "sql_injection": {
        "pattern": "[\\\"'`;](?:\\s*(?:union|select|insert|update|delete|drop|alter))",
        "description": "SQL Injection attempt",
        "severity": "critical"
    },
    "xss": {
        "pattern": "<script\\b[^>]*>[^<]*<\\/script>|<[^>]*onload=|javascript:",
        "description": "Cross-site scripting (XSS) attempt",
        "severity": "high"
    },
    "port_scan": {
        "pattern": "SYN scan",
        "description": "Port scanning activity",
        "severity": "medium"
    },
    "command_injection": {
        "pattern": "[;|&](?:\\s*[^\\w\\s]?\\s*(?:cat|ls|pwd|whoami|echo|bash|sh))",
        "description": "Command injection attempt",
        "severity": "critical"
    },
    "file_inclusion": {
        "pattern": "[?&](?:\\w+)=(?:https?:)?[\\/\\\\]{2,}|[.]{2,}[\\/\\\\]",
        "description": "Local/Remote file inclusion attempt",
        "severity": "high"
    },
    "privilege_escalation": {
        "pattern": "sudo|su -|pkexec|chmod u\\+s|chmod g\\+s",
        "description": "Potential privilege escalation attempt",
        "severity": "critical"
    },
    "backdoor": {
        "pattern": "reverse shell|bind shell|netcat -e|bash -i",
        "description": "Potential backdoor/remote access attempt",
        "severity": "critical"
    },
    "ddos": {
        "pattern": "SYN flood|UDP flood|HTTP flood",
        "description": "Potential DDoS attack signature",
        "severity": "critical"
    },
    "malware": {
        "pattern": "trojan|ransomware|rootkit|keylogger|spyware",
        "description": "Potential malware activity detected",
        "severity": "critical"
    }
}