{
    "last_updated": "2025-05-20T12:46:58.830346",
    "cve_list": {
        "CVE-2023-12345": {
            "description": "Buffer overflow in OpenSSH",
            "severity": "high",
            "affected_software": [
                "OpenSSH 8.5",
                "OpenSSH 8.6"
            ],
            "remediation": "Update to OpenSSH 8.7 or later"
        },
        "CVE-2024-10001": {
            "description": "Remote code execution vulnerability in Apache Log4j",
            "severity": "critical",
            "affected_software": [
                "Log4j 2.0-2.15.0"
            ],
            "remediation": "Update to Log4j 2.15.0 or later"
        },
        "CVE-2024-54321": {
            "description": "SQL injection vulnerability in WordPress plugin",
            "severity": "high",
            "affected_software": [
                "WP-Example-Plugin 1.0-3.2"
            ],
            "remediation": "Update to WP-Example-Plugin 3.3 or later"
        },
        "CVE-2024-11111": {
            "description": "Cross-site scripting vulnerability in jQuery",
            "severity": "medium",
            "affected_software": [
                "jQuery 1.x",
                "jQuery 2.x"
            ],
            "remediation": "Update to jQuery 3.5.0 or later"
        },
        "CVE-2024-22222": {
            "description": "Authentication bypass in Flask application",
            "severity": "critical",
            "affected_software": [
                "Flask 2.0.0-2.2.1"
            ],
            "remediation": "Update to Flask 2.2.2 or later"
        },
        "CVE-2024-33333": {
            "description": "Denial of service vulnerability in Nginx",
            "severity": "medium",
            "affected_software": [
                "Nginx 1.20.0-1.22.0"
            ],
            "remediation": "Update to Nginx 1.22.1 or later"
        },
        "CVE-2024-44444": {
            "description": "Data leak in MongoDB",
            "severity": "high",
            "affected_software": [
                "MongoDB 5.0.0-5.0.8"
            ],
            "remediation": "Update to MongoDB 5.0.9 or later"
        },
        "CVE-2024-55555": {
            "description": "Remote code execution in Spring Framework",
            "severity": "critical",
            "affected_software": [
                "Spring Framework 5.3.0-5.3.20"
            ],
            "remediation": "Update to Spring Framework 5.3.21 or later"
        },
        "CVE-2025-12345": {
            "description": "Container escape vulnerability in Docker",
            "severity": "critical",
            "affected_software": [
                "Docker 20.10.0-23.0.0"
            ],
            "remediation": "Update to Docker 23.0.1 or later"
        }
    }
}